requested_time_min,actual_time_min,time_index
0.5,0.4999999999999982,3
10.0,9.999999999999964,60
20.0,19.99999999999993,120
