window_name,window_min_time_min,window_max_time_min,metric_name,metric_label,condition_name,condition_label,n_samples,mean_of_sample_means,std_of_sample_means,sem_of_sample_means,median_of_sample_means,iqr_of_sample_means,min_of_sample_means,max_of_sample_means
post_5min,5.0,,center_of_mass_depth,Center-of-Mass Depth,pump_off,Pump off,3,0.1768030791942146,0.01591394328868535,0.009187919441590926,0.1817397053459358,0.015328923076136175,0.15900584304221782,0.18966368919449017
post_5min,5.0,,center_of_mass_depth,Center-of-Mass Depth,pump_on,Pump on,3,0.17279620071656657,0.0283488282235275,0.016367203606064064,0.1608509711052032,0.026393932613309523,0.15237488290893875,0.20516274813555782
post_5min,5.0,,deep_tail_fraction,Deep-Tail Fraction,pump_off,Pump off,3,0.014509177757393396,0.0146238029492203,0.008443056569308384,0.011373936260778018,0.014369527071760226,0.0017072714339408576,0.03044632557746131
post_5min,5.0,,deep_tail_fraction,Deep-Tail Fraction,pump_on,Pump on,3,0.017574738331534032,0.019502625157926036,0.011259845884832965,0.00994537676156116,0.018349305697397254,0.0030401134191232137,0.03973872481391772
