requested_time_min,actual_time_min,time_index
0.5,0.49999999999999956,3
10.0,9.999999999999991,60
20.0,19.999999999999982,120
